genre,genre
香港流行音樂,1
Northwest,1
Novela,1
Novelas,1
Daphne,1
DanzoneS,1
Novelty,1
Dansmusik,1
Now,1
Nu-Electro,1
Daniel,1
O.G,1
OMG,1
Dancehall/Reggae,1
Oddio,1
Oldies/British,1
Dati,1
Oldies/step,1
Nordeuropäisch,1
Nomads,1
Ness,1
Netlabel,1
NewWave,1
Deer,1
Deephouse,1
Newly,1
Nice,1
Nieznany,1
Nigeria,1
Nigerian,1
Nightcore,1
Nilsson,1
Nitzhonot,1
Noharmnofowl.net,1
Noise/Ambient,1
Non-Music,1
Ols,1
On,1
Dance::Other,1
PTG,1
Dad's,1
Dad,1
DV8,1
DSP;,1
Pachanga/Charanga,1
Paper,1
Paseo,1
DK,1
DJ-HiTLeR,1
Pastora,1
Peel,1
DEBUT,1
Petrification,1
D@N©E,1
Damaged,1
POPTastic!,1
PO,1
Dance-,1
Dance5,1
Operatic,1
Operetta,1
Organ,1
Dance/Israeli,1
Oshare,1
Dance/Electronic|Funk/Breaks,1
Demenziale,1
Dance/Electronic|Breaks,1
Dance/EDM/Trance,1
Dance/Club/Latin,1
Dance/Club/Gospel,1
Dance/90s,1
Outlaw,1
PEAK,1
Dance-Garage-House-Jungle-Techno-Trance-Electronica,1
Othersection,1
Neo-Glam,1
Neo-Electro,1
Desconhecido,1
Medley,1
Dub-Dubstep,1
Mega,1
Melodic/Youth,1
Melodicos,1
Drums,1
Melodifestivalen,1
Mestizo,1
Metal-Hard,1
Metal/Heavy,1
Metal:Sludge,1
Downtempo/jazzy-latin-lounge,1
Métal,1
Métal-Swing,1
Midtempo,1
Märchen,1
Dubby,1
Mazurka,1
"Dubstep,",1
EA-Pop,1
Man,1
Dylan,1
Mandarin,1
Mandingue,1
Marvin,1
Durango/Tierra,1
Minimal-Techno-House,1
Mashup,1
Duits,1
Duet,1
Dubtek,1
Massage,1
Dubstep/Tech,1
Matador,1
Dubstep/Garage,1
"Mashup,",1
Philip,1
MinimalElectro,1
Doo-Wop,1
NO,1
NPR,1
Dicso,1
Narodnjaci,1
Naša,1
Nationale,1
Naughty,1
Deutsch/Schlager,1
Deutsch/L,1
Deutch,1
Negerpunk,1
Despecho,1
Desi,1
Neo-Classical/Minimalism,1
Desert,1
Dischi,1
NME,1
Disco/'80s,1
NL,1
Mod/R&B/Soul/Motown/Northern,1
Mom's,1
Monika,1
Mood/Jazz,1
Djleak.com,1
Dj,1
Moshi,1
Mixed,1
Movie/Soundtrack,1
Mundart,1
Music.for-robots.com,1
Musical,1
Disco/Re-Edits,1
Musikaler,1
Disco/Funk/R&B/Soul,1
Músicas,1
Multiple,1
Pj's,1
Poland,1
Politics,1
R4,1
RDMY,1
REGGAE,1
Circuit,1
RETRO,1
REVERB,1
Cigány,1
Chritmas,1
Génériques,1
RUNNING,1
Christmas/Holiday,1
"Ragamuffin,",1
Ragga-jungle,1
Ranchera,1
Randb,1
R1/11,1
R&B/Urban,1
Classical/Contemporary,1
Classical/Easy,1
Punk/HC,1
Purchased,1
Qawaali,1
Club/Dance/Trance/House,1
Club-Hop,1
R&B/Doo-Wop,1
Close,1
Random,1
R&B/Northern,1
Claudia-L,1
R&B/Rock,1
Classicas,1
Classical¡j,1
R&B/Soul/Dance,1
R&B/Soundtrack,1
Classical/Electronica,1
Clavado,1
Collectables,1
Rap/Bay,1
Rap/RandB,1
Child,1
"Religious,",1
Chick,1
Religiøs,1
Chicana,1
Remastered,1
"Chase,",1
Remix'd,1
Chart/Chart,1
Charleston,1
Revive,1
Chaotic,1
ChaosLyrical,1
Chanting,1
Chant,1
Reji,1
Reiki,1
Regionalista,1
Regional/Ballad,1
Choirs,1
Reaggeton,1
Chip,1
Reggae/Classic,1
Reggae/Roots,1
Reggae/Ska/Dancehall,1
"Chillout,Lounge,Lo-Fi",1
Rap/Metal,1
"Chillout,",1
"ChillOut,",1
Reggae/folk/jazz,1
Reggae/folk/version,1
Reggae/vocal,1
Reggae::Other,1
Reggaeton/Rap,1
Reggea,1
Chillout,1
EBM,1
Punajbi,1
Psytrance-Albums,1
Pop::Classic,1
"Cowboy,",1
Poptastica,1
Português,1
Post-Classical,1
Coutnry,1
Country\\Finger-Picked,1
Post-Grunge,1
Post-Industrial,1
Post-Punk,1
Post-Rock/Ambient/Minimalist,1
Country/western/swing,1
Country/Western/Other,1
Country/Soundtrack,1
Pre,1
Pop/reprise,1
Pop/jazz/rock,1
Crack,1
Pop/Rock/Whining,1
Polkas,1
Polski,1
Cultural(Riddim)-1986,1
Pop-Rock,1
Pop/80's/New,1
Cubana,1
Pop/80S,1
Pre-Ceremony,1
Pop/Charts,1
Pop/Contemporary,1
Pop/Electronic/Indie,1
Crunk/Rap,1
Pop/Electronic|Dance/Rock,1
Pop/Eletro/House/Dance,1
Pop/New,1
Pop/Oldies,1
Cryonica,1
Psytrance/GOA,1
Country/Punk,1
Primitive,1
Psyche,1
Psychedelic/Progressive,1
Psychedelic/Stoner,1
Psychedlic,1
Conceit,1
Psychodelia,1
Psycodelic,1
Comical,1
Comedy\0Showtunes,1
Psydub,1
"Psydub,",1
Comedy/Bluegrass,1
Psytrance,1
Columbia,1
"Psytrance,",1
Psyc,1
Contemporáneo,1
Copied,1
Copla,1
Primo,1
Country/Bluegrass/Soundtrack,1
Prog-Heavy,1
Country/Alt,1
Country-ish,1
Prog-Power,1
Countr,1
Pretty,1
Countery,1
Progressive/Breaks,1
Corr.,1
Corned,1
Progressive/Deep,1
Cordless,1
Coplas,1
Psy-Harmonics,1
Progressive/Avant-Garde,1
"EBM,",1
Makina,1
Mainstream-Electronica,1
Hindi/New,1
Folk-psyche,1
Hindustani,1
Hip-Hop/00,1
Hip-Hop/Bass,1
Folk-Country,1
Hip-Hop/Breaks,1
Hip-Hop/Broken,1
Hip-Hop/Rap,1
Flute,1
Hip-Hop/UK,1
Flamenkito,1
Flamencoworld,1
Flamenco/Instrumental,1
Hip-House,1
Highlife,1
Hi-Life,1
Folk/Country,1
Ha®dstyle,1
Football,1
Haitian,1
Halloween/Swing,1
Hand,1
FolkTBC,1
Handbell,1
Hardcore-Punk/Neo-Hardcore/Thrash,1
Hip-hip/Rap,1
Hardcore/Electronic,1
Hardcore/Hardcore,1
Hardcore/Techno,1
Folk/Kids,1
Folk/Jazz,1
Folk/Indie,1
Hardcore/early,1
"Hawaiian,",1
Hardcore/Gabber,1
Footwurk,1
Hipster/Poplife,1
Holidays,1
Fanmix,1
House/funky-vocal,1
Factory,1
House;,1
FSOL,1
FR,1
"Houston,",1
Hörspiel,1
FM,1
FANTOZIK,1
Http://fluokids.blogspot.com,1
Hyperbole,1
Étnica,1
Hyphy,1
IASCA,1
House/fonky,1
"Farsi,",1
House/Ny,1
House/Latin,1
Home,1
Homestead,1
Hotter,1
Hottness,1
House-Classic/Dance,1
House-Jackin,1
Filmmuziek,1
"Flamenco,",1
House/,1
Filipino,1
Fight,1
Fieston,1
House/90s,1
House/Classic,1
House/Dance/pop,1
Feestdag,1
Filk,1
Icelandic,1
Hairband,1
HOH,1
GR,1
GÖTTISAR,1
GOTHIK,1
GM,1
GENRE,1
Grime/Rap,1
Fuzz-Folk,1
Grind,1
Grindcore/Death,1
Grooves:Calypso,1
Furorífico,1
Funkymix,1
"Groovy,",1
"Funky,",1
Guest,1
GRock,1
GT,1
GUNK,1
Great,1
Gay,1
Ghana,1
GhettoTechElectro,1
Girls,1
Gitana,1
Gospel/Bluegrass,1
Gospel/Classical,1
Guinée,1
Gospel/R&B,1
Gangsta,1
Gallego,1
Galician,1
Galicia,1
Gaither,1
Gothic\0Electronic\0Darkwave\000S,1
Grating,1
Goth/Industrial/Dance,1
HSDS,1
Funk/Synth,1
Gumbolicious,1
Freestyle/Electronic,1
Freestyle/Dance,1
"Freestyle,",1
HASH(0x9f5f724),1
HASH(0xa0abd90),1
HASH(0xa1303b8),1
Franse,1
Frans,1
HASH(0xa168584),1
HASH(0xa2e2d14),1
HASH(0xa37a6b0),1
HASH(0xa7f227c),1
Franchise,1
HASH(0xa833320),1
HIP-HOP,1
HASH(0x99a9740),1
Fried,1
Fuckin,1
HASH(0x9943750),1
Gwerz;,1
Gym,1
Funk/Pop/Soul,1
Gypsy/Cabaret/Gothic,1
HASH(0x9560c74),1
Funk/Blues,1
Funk-fusion,1
Gumbo,1
HASH(0x9579680),1
HASH(0x95866c8),1
HASH(0x95883f8),1
Fun,1
HASH(0x95db478),1
HASH(0x962bf40),1
Fuk,1
HASH(0x98e14dc),1
Funk-Blues,1
Rewind,1
Extant,1
In,1
Ladies,1
Lain,1
Electro/soul/hiphop/female,1
Lambada,1
Langsamer-Walzer,1
Electro/jazz/ambient,1
Latijns-Amerikaans,1
Latin-Románticas,1
Electro/classic/german,1
Latin/Brazil,1
Latin/Cuban/Folk,1
Latin/Salsa/4,1
Latina/Old,1
Leftfield;,1
Lento,1
ElectroTech,1
Label,1
Electroglitch,1
Electrogoth,1
Kletzmer,1
Klickklack;,1
Electronic/Click-hop,1
Electronic/Chill,1
Electronic/Breakbeat,1
Kompakt,1
Electronic-Techo/Soft,1
Lessondary,1
Kotimainen,1
Electronic-House/Funk-Grooving,1
Electronic-House/Chill,1
Kraut,1
L-Pop,1
Electronic-Acapella,1
LDS,1
Electroklash,1
Electronic-Lounge/With,1
Klassik/Gesang/Holiday,1
Electro-World/Lounge,1
Electro-World/Groove-Fast,1
Low,1
M,1
MAINSTREAM,1
MELODY,1
MINA,1
MOR,1
EX-YU,1
ES,1
ELECTRONICA,1
ELECTRONIA,1
MP3PRO,1
EDM/Other,1
EDM/Dubstep,1
Mainstream,1
EDM,1
"Loversrock,reggae-pop,rootsreggae,contemporaryreggae,smoothreggae",1
Echo,1
"Eclectic,",1
Eclecticism,1
Electro-World/Chill-Vocal,1
Line,1
Liquor,1
Little,1
Lmp,1
Lo,1
Lo-Fi/Garage,1
Ligera,1
Electric,1
Lounge/Chill,1
Elec,1
Elctronic,1
Elafra,1
El,1
Lounge/Chillout/Jazz,1
Lounge/Experimental,1
Electo-Hop,1
Impressionist,1
Electronic/House/Techno/Trance,1
Electronic/Punk,1
Instructional,1
Instrumental/Jazz,1
Instrumental/piano,1
Estonia,1
Interview,1
España,1
Espanol,1
Iranian,1
Es,1
Erotic,1
Iskelmä,1
Entexno,1
JAPANESE,1
JOE,1
End,1
Instr,1
Institubes,1
Ethnic/Folk,1
Ethnik:,1
"Indie,",1
Indie.Emo,1
Indie/Dance-Rock,1
Indie/Jazz,1
Exclusive,1
Evergreens,1
Europop;France;Chanson;Male,1
Jammy$,1
Europop/Pop,1
Indie/goth-pop,1
Indie/instrumental,1
Indonesian,1
EuroDisco/Pop,1
Infracom,1
Inglés/Rock,1
Ethno,1
European/Eighties,1
Kl4b,1
Emotional/Screamo,1
Elvis,1
Electronica/IDM/Experimental,1
JazzFunk,1
Jazzy,1
Jäger,1
Jen,1
Joropo,1
Electronica/Broken,1
Electronica/Brazil,1
Electronica/8-Bit,1
Electronica-alt,1
Electronica-Jungle,1
KPM,1
Kaiso,1
Electronic\\Experimental|Electronica\\Other,1
Katie,1
Electronica/Indie,1
Electronica/Lounge,1
Electronica/Sounds,1
Jazz/Piano/80's,1
Jazz-Latin,1
Jazz-Latino,1
Jazz-Slow,1
Jazz-Soul,1
Jazz-Swing,1
Jazz-in-paris,1
Jazz-mid,1
Jams,1
Jazz/Beats,1
Jazz/Dub,1
Jazz/Electronic,1
Jazz/Funk,1
Jazz/Fusion/Guitar/Electric,1
藍調,1
Electronica/Techno/Tech,1
Electronica/Tech,1
Jazz/Bethany,1
Chanson/Enfant/Pop,1
Christmas/Rock,1
Arabic/Classics,1
X-Files,1
X-Mix,1
XXX,1
AlternRock;,1
Altern/Punk,1
Yacht,1
Wwsp,1
Altanative,1
Alt/Indiepop,1
Year:1992,1
Yes,1
Alphabet,1
Yugo,1
Z-ZZZZZZZZZZZZZZZZZZZZZZZZZZZZZ,1
Yay,1
World_Blues,1
World::World,1
World::Italian,1
World-Electronic/Fusion/Douceur,1
World-Pop-Fusion,1
World-Reggae/Dance,1
Alternativeⶹ,1
Alternative/hip,1
World/Brazil/Bossanova,1
World/Classical,1
Alternative/Irish,1
Alternative/Indie/Postrock...,1
Alternative/Gothic,1
World/Gypsy,1
World/Latin,1
World/Meditation/India,1
World/Zouk,1
World::Celtic::New,1
Algeria,1
Zabavna,1
Zarzuela,1
Zilipendwa,1
bad,1
bass/instrumental,1
breaks,1
Activist,1
c&w,1
Acoustic/Indie,1
canto,1
chil,1
Acoustapunk,1
Acid-Blues,1
cleak.blogspot.com,1
colombiano,1
Accession,1
deep,1
doomsing,1
Africaine,1
World-Café/Saveur,1
animal,1
Africana,1
Zombiecore,1
Agatha,1
After-Ski,1
After,1
"Afropop,",1
Afroantillana,1
Zouglou,1
[Electronic],1
"[Reggaeton,",1
Afro-Portugese,1
Afro-Funk,1
aaUnknown,1
"acid,",1
age,1
angular,1
African/Caribbean,1
World-Café/Lounge,1
Ambiante,1
World-Café/Groove,1
Austropop;,1
Unsunned/Institubes,1
Upbeat,1
Urbano,1
Urdu,1
Vanguardia,1
Vegas,1
Atlantic,1
Vibes,1
Asturiana,1
Asien/Electronic,1
Viellerie,1
Villancicos,1
Arty?,1
Vincy,1
Auteur,1
Art/Entehno,1
Undergound,1
UNCHECKED,1
Tromba,1
BAY,1
Tropicalia,1
Tropico,1
True,1
Awesome,1
Tuba,1
Tune,1
Tuntematon,1
Türkrock,1
Two,1
Twoubadou,1
"Avant-Prog,",1
U,1
Avant-Garde/Alternative,1
Ugly,1
eBalkan/ecumbia,1
Vinylmorpher,1
Argentinian,1
Wayside,1
Anime,1
Ween,1
Weill,1
Welt,1
Anarcho,1
Amérique,1
"Wonky,",1
Word,1
Word.Sound.Power,1
Wordsound,1
Workout,1
Ambient/Chill,1
World-Brasilian/Easy,1
World-Café/Easy,1
Annet,1
Vlaamse,1
Wartime,1
Warp,1
Arbeiterlieder,1
Arap,1
Rhythmic,1
"Arabic,",1
Voetbal,1
Arabesque/Rai,1
WAGS,1
WAfrica,1
Apop,1
Waltz-English,1
Anyway/BRM,1
Antilles,1
Warm,1
Warner,1
Anti-Tobacco,1
Warped-Blues,1
Troba/Bar,1
AOS4,1
etno,1
www.ellinadiko.com,1
115*BPM,1
www.pareoula-forum.com,1
105*BPM,1
104*BPM,1
103*BPM,1
118,1
102*BPM,1
100,1
10/14/07,1
096*BPM,1
095*BPM,1
z_soundtrack,1
091*BPM,1
z,1
119*BPM,1
www.djwitek.prv.pl,1
weight,1
17,1
154*BPM,1
139*BPM,1
synth,1
135*BPM,1
133,1
t-Rap,1
third,1
titled,1
uk-music,1
unclass,1
under,1
underground,1
vieux,1
122*BPM,1
09,1
080*BPM,1
08/04/07,1
08,1
--ELECTRONIC-DEEP,1
+,1
ダンス,1
*ITA,1
*H,1
(R),1
ヒップホップ/,1
ポップ,1
流行音樂,1
电影原声【Movie,1
#Soul,1
華語組合,1
#60's,1
#####,1
"""Calculator",1
...80S...Songs,1
19,1
カントリー,1
ヴォーカル,1
079*BPM,1
ΕΝΤΕΧΝΑ,1
Ελληνικα,1
Поп,1
068*BPM,1
062*BPM,1
059*BPM,1
04-09,1
026*BPM,1
01.Dance,1
01,1
Рок,1
Советская,1
0,1
.wu,1
.Hand,1
spectrumpop,1
1920's/Jazz,1
soundsfamilyre.com,1
642,1
61Release,1
italia,1
italyanca,1
jam,1
60's/Soul,1
"60's,70's,",1
60,1
jodederas,1
5:,1
kids,1
"50's/60's,",1
kissatlanta.com,1
latino,1
5.,1
indie,1
5,1
illegal-muzik,1
70's/Rock/Pop,1
AD,1
floor,1
flowLyrical,1
funana,1
gabba,1
gaby,1
9ja,1
gum,1
high,1
hip,1
hiphop,1
"house,",1
7A,1
78rpm,1
http://versionsgalore.blogspot.com/,1
huggerism,1
electronica,1
4th,1
46-Progressive,1
reggae,1
20,1
reggae/aisha,1
"rock,european,italian",1
1999,1
1990s,1
1987,1
1980s,1
1950's:,1
1950's/standards,1
sir,1
slow,1
1943,1
solstice,1
sonar,1
2000's,1
malek,1
2003,1
rancheros,1
40's,1
4/4,1
mpb,1
nenc,1
3-Shag,1
3,1
neu,1
opm,1
"pagode,",1
20th/21st,1
pintxo,1
2010,1
2009,1
"post-punk,",1
punk,1
regaeton,1
Trip-Hop;,1
Genere,1
Trip-Hop,1
Southeast,1
Salsa/Latin,1
Bmore/Ghettotech,1
Board,1
CUBANO,1
CROCHET,1
Boggle,1
Bolero,1
Soundtracks/Musicals/Theatre,1
CRIMINAL,1
CRATE,1
Bolly,1
COUNTRU,1
Salsa;,1
Salsoul,1
Bongo,1
Bongolia,1
Sami,1
"Boogie,",1
Sardu,1
Boogie-Woogie,1
Soul/Rock/Pop,1
Soul/R&B::Urban,1
Bootleg-good,1
Soul/R&B::Contemporary,1
Soweto,1
Spanish/Mexico,1
Blues/electro,1
"Salsa,",1
Roots/One,1
Rotations,1
Bilingual,1
Runway,1
Suave,1
SBlues,1
Strictly,1
Storia,1
SERBIAN,1
Stores,1
Blandet,1
Calentanos,1
Booty/Bass,1
Blisspop.com,1
Shamanic,1
Steppers,1
Blues-Folk,1
Steam,1
St.,1
Blues/Disco/Dance/R&B/Soul,1
Sport,1
Blues/F,1
Spooky,1
Spirituals,1
Cadence,1
Speeches,1
Stoner/Doom,1
Soul/R&B,1
Soul/R&Amp;B,1
COMPACT,1
Breakbeat/Electro,1
Breakcore/Grindstep,1
Breaks,1
Session,1
C.1,1
Skam,1
"C,",1
"Ska,",1
Børnemusik,1
Business,1
Breaks/Dubstep/Grime/UKG/UKF,1
Sk,1
CANTINA,1
Breath,1
Brésilien,1
Singers,1
Sevillanas,1
Singer-Songwriter/Rock,1
Shake,1
Singer-Songwriter/Ballad,1
Singer,1
Shaman,1
Showtunes,1
Shock,1
Buddha,1
Shitmat,1
Sixties,1
"Sufi,",1
Breakbeat/Breaks,1
CCC,1
Soul/Jazz/Blues,1
Saxaphone,1
Boston,1
Scandanavian,1
Schranz,1
Br_axé,1
Soul/80s,1
"Brasil,",1
Sea,1
Brasileira,1
Seasonal/Christmas,1
CDWE,1
Ski,1
Sonido,1
Brasiliana,1
Songbook,1
CD:Chill,1
Soapy,1
Brazilian/Bossa,1
Slovak,1
CD101.9,1
Brazilica/DnB/rap/Ska,1
Senegal,1
Sky,1
Sentimental,1
Skoj,1
Songs,1
Suomalaista,1
Said,1
TexMex,1
Toasting,1
Cassette,1
Third,1
Théâtre,1
Cartoni,1
Rock/Pop/Oldies,1
There's,1
Thanksgiving,1
Texas/Amaracana,1
Rock/Psych,1
Tex-Mex;,1
Cast,1
Rock/Rockabilly,1
Rock/Soul/R&B,1
Tenor,1
"Band,",1
"Tek-House,",1
Tejano/Norteño,1
Cardio,1
Banging,1
Tejano,1
Rock/bigband,1
Tecno,1
Techno_electronic_acid,1
Rock/Ska,1
Captaincrawl,1
Toddler,1
Track,1
BM,1
Ringtone,1
BODYJAM,1
Chamame,1
BOGGIE,1
RnBBlack,1
BRAZILIAN,1
BREAK,1
Tribute/Cover,1
Rob,1
"Tribute,",1
Tpop,1
Ceske,1
Bacharengue,1
Rock-Blues,1
Bachatango,1
Rock-Christian,1
Rock-Indie,1
Trax,1
Bagpipe,1
Trance/Progressive/Techno,1
Rock/Industrial,1
Trance-Artist,1
Training,1
Central,1
Baroque,1
Shit,1
Bellman,1
Rocksteady/Classic,1
Techno/Trance/Rave,1
Belgian,1
"Techhouse,",1
Switzerland,1
Synthpop/Psychedelic,1
Cap-Vert,1
Tanzania,1
Romaneasca,1
Canton,1
Talitres,1
Romance,1
Synthesizer,1
Canto-Pop,1
Beatport,1
Techno-Hardstyle,1
Bearbeiten,1
Techno-electro,1
Rock/the2000s,1
Bhajans,1
Basic,1
Techno/Chill,1
Surf/Drag,1
Surfer,1
Tagalog,1
TV-Werbung,1
Rock/prog/ambient,1
Batucada,1
Swingbeat,1
Svenski,1
Techno/Dance/DJ,1
Sahrawi/Africa/Saharauis/Arab,2
SYSTEMA,2
SMM,2
Rednex,2
Sertaneja,2
reagueton,2
Rock/Alternative/Live,2
Rock-Rock'n,2
Hippy,2
Διάφορα,2
Reggae/Soca,2
臺灣流行音樂,2
psych-prog,2
Roots,2
nu,2
old,2
Ghazals,2
Gipsy,2
Rap/R&B,2
parang,2
patchanka,2
Raggacore,2
"Rock&Roll,Rockabilly",2
ROCK/INDIE/00's,2
www.thesocialregistry.com,2
未知,2
原聲帶,2
レゲエ,2
Historical,2
Hip-Hop;,2
vise,2
Punjabi/Bhangra,2
Rock::Adult,2
Scotland,2
Gregorian,2
z_Rag&Boogie,2
Reggeaton,2
Salsa/Charanga,2
Фанк/Соул,2
Український,2
Scratch,2
ssw,2
R&B/Soul/Blues/Hip,2
HK-pop,2
Salsa/Son,2
HOUSE,2
Rock/Surf,2
svensk,2
tripop,2
Речь,2
Ελληνική,2
RISING,2
Screamo/Post-Hardcore,2
skandinavisk,2
Punk/Metal/Math/Hip-Hop/Rocking,2
Rockerbilly,2
Greek-Hip-Hop/Rap,2
Rock/Pop/Alt,2
salon,2
Hip-Hop/Instrumental,2
Hip-Hop/Gangsta,2
Qawali/Sufi,2
Hed,2
ジャズ,2
R,2
Rock/Pop/Metal,2
salsa,2
sarah,2
Reggae/Island,2
HARDTECHNO,2
R&B-Jazz,2
Hi-NRG,2
Quartets,2
z_Unclassifiable,2
Island,2
"nelectro,",2
Lounge/Chill-out/Electronic,2
Nsfw,2
Wicked,2
Tamla,2
Wellness,2
Lounge/Pop,2
Loung,2
WeGotRecords.blogspot.com,2
Not,2
Norteqo,2
MOS,2
Nonplace,2
Madchester,2
"Magyar,",2
M4,2
Volksmusik,2
Los,2
World-Arabic/Douceur,2
Stoner/Space,2
P&W,2
World::Bulgarian,2
Out,2
"Strayhorn,",2
World/Electronic,2
World-African/Medium,2
Latin-Jazz/Bossanova,2
Sudaf,2
Latin/Brasil,2
World-Reggae/Douceur,2
Orquestas,2
World-Café/Happy,2
Oldies/Girl,2
Latin-pop-soul,2
Ninja,2
Test,2
Vocal-Easy,2
Mini,2
Traxsource.com,2
Napolitano,2
Naija,2
Mod/Punk,2
Tribute,2
Microhouse,2
NU,2
Mood,2
Moods,2
Moroccan,2
Trikont,2
Tropical/Samba,2
Musette,2
Mondopop,2
Miami,2
Metal:Techno,2
Universal,2
Vocal-,2
Marrabenta,2
Vocaal,2
Neznám‡,2
Texana,2
Texas/Alt,2
Neofolk/Post-Industrial,2
Viejitas,2
Thrash/Groove,2
Verschiedenes,2
Tiki/Lounge,2
Valse,2
VALLENATOS,2
Melodico,2
Needs,2
La,2
LOVERS,2
Steppin,2
Kwanzaa,2
Industrial/Darkwave,2
Infantiles,2
Slice-of-Spice,2
Prewar,2
Slide,2
Inne,2
house-tech,2
Sludge/Stoner,2
Sokkie,2
Son/Charanga,2
Intelligent,2
ellinika,2
Intro,2
electronic,2
Pós-Grunge,2
house-vocal,2
Skit,2
Indie/Twee/pennsylvania,2
naija,2
Psychedelic/Downtempo/Chillout,2
minimal,2
Psy/Progressive/Zenonesque,2
mR&B,2
Psy/Goa,2
Singer/Songwriter/Pop,2
IDM/Glitch,2
jazz,2
Impala,2
Skate,2
Progessive,2
Prog-Space,2
Prog-RIO/Avant,2
Indie/Post,2
Ireland,2
House/Deep,2
"electro,techno,electroclash",2
Italiane,2
Zydeco_Blues,2
Jive,2
Joulu,2
South/Central,2
Jul,2
Physical,2
Soundhealing,2
Philosophy,2
Zeitgenössischer,2
Kimberley,2
Yule,2
Spiritual,2
Sprache,2
X-zzNOT,2
Jumpstyle,2
Jazzcore,2
[www.Songs.PK],2
_,2
J-Dancehall,2
Sothern,2
Soufulhouse,2
Soukouss,2
Jamaica,2
contemporary,2
Jangly,2
Jazz-Exotica,2
Soul/Disco,2
Pop/clasico,2
Pop/Rock/R&B/Dance,2
blues,2
Soul/R&B::Quiet,2
Pop/Chanson/Rock,2
"Soulful,",2
Musik,2
Rich,2
!Hol-Xmas!,2
Drone/Psych,2
Folk::Traditional,2
Clubfavorite,2
"Club,",2
Alternative/Experimental,2
Folk/Folk,2
Cinematic,2
Choro,2
Am\\,2
"Electronic/Abstract,",2
Chilli,2
Folk/Bluegrass,2
Electronica/Downtempo,2
Electronica/Experimental,2
Electronica/Hip-Hop/Downtempo,2
Ambient;,2
ChilED,2
Celta,2
Folk-Celtic,2
Ambience,2
Electronic|Detroit,2
Electronic-Tech,2
AlternatieRock,2
Full-on,2
Electro-acoustic,2
Fuerza,2
Cover:,2
Advent,2
Country/Christmas,2
Corridita,2
Electro/breaks,2
Electronic-Electro,2
Electro/house/ambient/downtempo,2
Alien8,2
All,2
Electro/minimal/german,2
Folklorica,2
Electro/soul/house,2
Electro\\Industrial\\Dark,2
Electronic-Chill,2
Collectors,2
Contemp,2
Acoustic/Rock,2
Anticon,2
Catalan,2
Brasil/Electronica,2
Family,2
Fabulous,2
Boogie/Funk,2
Boogie,2
Eurodance,2
Bollywood,2
Body,2
Brasilera,2
Blues/Swing,2
Ballade,2
Ballroom/Steppin,2
Barcelona,2
Bargains,2
Blues/Boogie,2
Batuco,2
"Bluegrass,",2
Bemani,2
"Balkan,",2
Folclore,2
BALADA,2
Brasilian,2
Elektronica,2
Apres,2
Calm,2
Flamenco/Blues/Pop,2
Café,2
Asia,2
Ass,2
CUNTFOLK,2
Favourite,2
COSMIC,2
Enigmatic,2
CONTINENTAL,2
Aussie's,2
COLLECTIONS,2
Bugg,2
Equinox,2
"Avantgarde,",2
Brazil/Jazz/Bossanova/Progressive,2
CORTINA,2
"Acid,",2
Bel,2
Electro-World/Groove-Softer,2
Definite,2
074*BPM,2
Dominican,2
092*BPM,2
Duitse,2
2008,2
David,2
50's-60's,2
Dub;,2
100*BPM,2
108*BPM,2
Day,2
DnB,2
125*BPM,2
117*BPM,2
12,2
2010's,2
Diversen,2
5-Special,2
Dubstep/IDM,2
4,2
326,2
123*BPM,2
Deathwatch,2
Eagles,2
Deeper,2
Del,2
7,2
Duplicates,2
60-70's,2
Culture,2
Electro-World/Chill-Instrumental,2
D,2
Disco/Deep,2
DIY,2
Dutty,2
Du,2
Diciembre,2
Dallas,2
.13c,2
.217c,2
14,2
129*BPM,2
Discoteque,2
254,2
Garage/Punk,2
Downtempo/Chillout/Chill,2
"Funk/Soul,",2
Eclectic,2
072*BPM,2
Dance/Party,2
Dance/Remixes,2
2,2
Educational,2
COLOMBIANA,3
Shastriya,3
Scumpunk,3
Cabo,3
My,3
Sarah,3
Scottish,3
Movies,3
Manouche/Neo,3
Disco/Electro,3
"Instrumental,",3
Breaks/Beats,3
Metal;,3
Sven,3
Summer,3
Bluegrass,3
Stax,3
Indietronic,3
Blues/Electronica,3
Melodic/Power/Progressive,3
Mellow,3
Blues/Soul,3
Meditation/Yoga,3
Broadway,3
Mixes,3
Soundtracks,3
Soundtrack;,3
Mixtape,3
Ethnotronic,3
Bop,3
Mbalakh,3
Dirty,3
Songwriter,3
Dream,3
Brazilica/Rap/Rock,3
Sketch,3
Sountrack,3
NY,3
Jazz/Electronica,3
Roots/Ragga/Dub/Dancehall/Reggae,3
Electronic/Nu,3
Electronic/Downtempo/Ambient,3
M.,3
Cock,3
"Easy-Listening,",3
Swing/Vocal,3
Nyabinghi,3
Dancehall/Ragga/Reggaeton/Hiphop,3
Old-School,3
Psytrance-Singles,3
Colombiana,3
Egyptian,3
Organize,3
R&B/Classic,3
Conscious\\Reggae,3
OtherOther,3
Psych/Blues,3
Cool/West,3
Electro/german,3
Progressive/Technical,3
"Electro,",3
Corrido,3
"Cosmic,",3
Paddy,3
DM,3
Country/R&R,3
Country::Western,3
Lite,3
Psychadelic/Trance,3
R&B/Funk/Jazz/Soul,3
Kinderen,3
Electronic/Post-Rock,3
Romantic,3
Jazz-,3
Caribe,3
Jazz-Piano,3
E-Pop,3
Catwalk,3
Electropop,3
Deutschpunk,3
Electronic|House,3
EBM/Goth,3
Neo-Psychedelia,3
Rock-Slow,3
Electronics,3
Rock-,3
Jazz/Orchestral,3
Chacha/salsa,3
Children's::Lullabies,3
JazzRock,3
EEspanol,3
Chill/Folk,3
Jive/Swing,3
Chinese,3
Electronica//Vocal//Ambient//Dub,3
RCA,3
R&R,3
Classical/Jazz,3
R&B/Slow,3
Kids,3
Non-Western,3
Russian,3
Coletânea,3
Sombient,3
Ambiente,3
World-Café/Musette,3
Ambiance,3
Gothic-Rock;,3
Hi-nrg,3
Weird,3
Angola,3
Antillaise,3
tbd,3
Good,3
Arab,3
Gnawa,3
HipHop(DJGreggy),3
121*BPM,3
www.mp3-ogg.ru,3
Viihdemusiikki,3
Venezolana,3
Audio,3
Vals,3
Finnpop,3
Undecided,3
Ukrainian,3
Avant-garde,3
000-RELIEF-,3
World-Congo,3
Avant-jazz,3
World-Latin/Reggaeton,3
World/African/Nigerian/Afrobeat,3
house,3
AR/,3
deeptech,3
Funk/Lounge,3
club,3
c,3
Grunge,3
afrozouk,3
_Tango,3
Afro/Cuban,3
kwaito,3
Alan,3
Hammond,3
Yiddish,3
Alter-Emo-Pop-Indie-Britpop-New,3
YU-ROCK,3
2k's,3
2ND,3
World::Spanish,3
Gaelic,3
2006,3
Harsh,3
Hawaii,3
2005-New,3
Fidget,3
70s;,3
Igbo,3
FOLK,3
Bagpipes,3
House/Minimal,3
BEATS,3
Bbbbbb,3
Trippy,3
BeatBox,3
(Geen),3
Truly,3
Tech-House/Electronica,3
Hungarian,3
Krocha,4
Happy,4
00's,4
20s,4
Handz,4
Electronic-Break,4
Extended,4
Alternativa,4
Colombian,4
Hardcore/Dance,4
Delta,4
Classical/Opera,4
Desert/Stoner,4
Bailables,4
"00's,",4
Chillout;,4
Balada/Pop,4
Malta,4
Blues;,4
Spacefunk,4
Ranchera/Latin,4
Mexicano,4
Baltimore,4
Alternative/Punk/Rock,4
Blues/Slow,4
Nasheed,4
Malay,4
Steel,4
Electronic/Funk,4
World:,4
Electro/rock/folk,4
DeeJay,4
Funk/Breaks/Reggae/Electronic,4
Dance|Tech-House,4
Piedmont,4
OSHO,4
Obscuro,4
"Grupo,",4
Poezja,4
"electronic,disco,dance,electroclash",4
Dance-House,4
Oz,4
Funk/Reissues,4
female,4
Electonica,4
Orchestral,4
70s,4
Psycho,4
Berlinette,4
Cuban;,4
retro-spacepad,4
Non-Metal,4
Psychedelic/Space,4
Foxtrot,4
AfroRock,4
Funky/Club,4
Cubanas,4
Progressive/Electro,4
60's,4
Cosmic,4
Africa,4
bhajan,4
Country/rockabilly/roots,4
Lebanese,4
Electro/ambient/german,4
Electronica/Dance;,4
Genres,4
BG,4
Elektronisch,4
WORLD,4
Caraibes,4
Capitol,4
Dub/Electronica,4
Downtempo/Electronic,4
SPIN,4
Brazilica,4
Bosnian,4
Salsa/Pachanga,4
Field,4
Instrumentaal,4
BreakCore/IDM,4
COPLA,4
Sampler,4
Avant-rock,4
Enigmatic/New,4
Sarah/Twee,4
Garage/House,4
Æ÷ÀÖ,4
Sex,4
Brazil,4
Shag,4
Finland,4
Brit-Techno,4
Music,4
Hip-Hop/Soul/Alt.,4
Violin,4
Disco/boystown/HNRG,4
Midwest,4
Andean,4
Hip-Hop-Rnb,4
Folk-Blues,4
Breaks/Big,4
Flamenco/Pop,5
boogie,5
blue,5
Country:,5
Electro/Industrial,5
Surf+Vocals,5
138bpm,5
VA,5
1,5
Super-electro-jazz,5
Industrial/Noise,5
"afrobeat,",5
Ambiant,5
Electro/Techno/House,5
J-Indie,5
J-Reggae,5
Jazz/World,5
Women,5
Latine,5
Pop/ro,5
Crime,5
Unplugged,5
NEW,5
Ebm;,5
Beach,5
World-,5
Songo,5
Dance|Electronic,5
Ska/Latino,5
House/Electronica,5
Chillout/Beats/Eletronica,5
Alternative/New,5
Experimental/Contemporary,5
Polskie,5
Pop-Rock-Country,5
Goth/darkwave/batcave,5
180,5
Ethiopia,5
"Leftfield,",5
Cristianas,5
sixties,5
Norteña,5
Afro-World,5
(C),5
Slowcore,5
Canterbury,5
Cape,5
GAMMAL,5
Dub,5
Musical/Showtunes,5
Coladera,5
Ciganyzene,5
Indy-Pop,5
Baseball,5
"Dub,",5
Electronic|Techno,5
Electronic/Experimental/Dub,5
Europa,5
Elektronika,5
World::Celtic::Irish,5
Dancecore,5
EDM/Dance,5
Alternative;,5
Techno:Ambient,5
Trip,5
Colombia,5
Traxsource,5
Solo,5
Welsh,5
Zeuhl/Prog,5
World/New,5
Grinfcore,5
Black/Thrash,5
Andina,5
Puerto,5
Instrumantal,5
Christian:,5
"techno,minimal,tech",5
TOTZ,5
Dixieland,5
SK-CZ,5
Swamp,5
HipLife,5
Moog,5
1920's,5
Streetcore,5
http://electropeople.org/,6
Mine!!,6
Ghazal,6
Darkcore,6
6,6
zRock,6
newage/pop/rock,6
MMs,6
Magyar,6
Mali,6
Garaga,6
Lovers,6
00.FIXAS,6
Belly,6
World::Flamenco,6
Punkabilly,6
Avantgarde/Experimental,6
Shouts:,6
Hardcore/Grunge,6
Shoegaze,6
Kitty-Yo,6
Burkina,6
World/Funk,6
Clicks,6
Christmas-Comedy,6
Solista,6
Ranchera/Mariachi/Latin,6
Children's::Other,6
Vinyl,6
Jamtronica,6
Hillbilly,6
Wonky,6
Cameroun,6
Changüí,6
Anone,6
Vocal/Pop,6
Electrorock,6
Rare,6
Ethnic/Zouk,6
"TECHNO,",6
Kuduro,6
AANew,6
Biguine,6
DRAHPAA,6
Steampunk,6
Pet,6
Philly,6
Acapellas,6
Accordéon,6
Light,6
Tech/House,6
BOLERO,6
Carranga,6
[Rock],6
Congo-Zaire,6
Tradicional,6
Baby,6
Contempoary,6
Latin/Bolero,6
Zouk,6
Psychedelic/,6
You,6
Laika,6
Balboa,7
Arabic,7
Morr,7
Sénégal,7
VHM,7
Standard,7
Atmospheric/Melodic,7
Uplifting,7
Dance/Soul/Funk,7
Walking,7
elsewhere,7
dub,7
Power/Heavy,7
Afro-,7
Danzon,7
Norteñas,7
Proto-Prog,7
Alternatif,7
World;,7
Alternativ,7
Quickstep,7
2006-New,7
"Neo-Prog,",7
R&B/00s,7
World::African,7
house-progressive,7
Children's::Party,7
"Ambient,",7
World-Brasilian/Bahia,7
soft,7
Chicago,7
Rock.Skiffle,7
Rock/Hardcore,7
126*BPM,7
Chill;,7
Psytrance;,7
Hustle,7
Global,7
Llanera,7
Lok,7
"Lounge,",7
Indie~Indie,7
Meditation/Relaxation,7
Guinean,7
Harvest,7
Israeli,7
Mediterranean,7
Mento,7
Goth/Gothic,7
Flamenco/Chill,7
HXC,7
Kizomba/Zouk/Latin/RnB/Zouk,7
M-Pop,7
Manimal,7
JazZz,7
Experimental/Psych/Improv,7
Jato,7
Meditation,7
Progressive/Folk/Doom/Heavy/Power,8
Bahamian,8
Latino,8
Musiques,8
Australian,8
jazz/bossa,8
Gabon,8
ambient,8
130*BPM,8
Fast,8
Pops,8
Indi,8
D&B,8
regional,8
1920s,8
soul/funk/jazz,8
Sufi,8
Fantazi,8
NZ,8
TEXTURE,8
Ligeira,8
Côte,8
Techno/Electronic,8
lounge,8
Hip-Hop/rap,8
Psy/Dark,8
Riddim,8
Jovem,8
Eletronic,8
Rock/Southern,8
Non,8
North,8
Nicht,8
"Abstract,",8
electro,8
Ghetto,8
"folk,",8
Neo-progressive,8
Danish,8
Dance;,8
EDM/Drum,8
March,8
Soulful,8
Sleaze,8
"Breaks,Downtempo",8
Songwriters,8
Afrika,9
Ambient/Electronic/Jazz,9
Hörbuch,9
Finnhits,9
Deathcore,9
Noisy,9
Fuckin',9
Mandopop,9
Fingerstyle,9
Hebrew,9
Zef,9
U.K.,9
Electro-World/Ambiant,9
Pacific,9
Guitar;,9
761106,9
Plancha,9
Türkçe,9
msng,9
Jazz/Holiday,9
"IDM,",9
Brass,9
Militant,9
Psy/goa,9
Punjabi,9
"Latin,",9
128*BPM,9
türkish,9
Spazz-Core,9
Broadway/Show,9
Kinderliedjes,9
Ελληνικό,9
Indie/Punk,9
Chillout/Lounge,9
Ballroom,9
Experimental/Drone,9
Pop/house,9
digital,10
Roots/Dub,10
Jam,10
Alternativní,10
Korean,10
Gitane,10
Dreams,10
Afro-Samba,10
HardNRG,10
Ochre,10
Wüste,10
ROMANTICAS,10
ECM,10
Dansk,10
"electro,",10
JAZZY,10
Club,10
CARNABY,10
Thug,10
F,10
alternative,10
Relaxation,10
Glitchop,10
stuntrock,10
3Arabia.com,10
Leftfield,10
Indiepop/London,10
Disco/boystown,10
Dubstep;,10
Houston,10
Uplifting/progressive,10
Bmore,10
illbient,10
"Ethnic,",10
NDW/Electo/Avantgarde,10
Japanese,11
Balearic,11
afroamerika,11
Pop::Dream,11
Scumfuc,11
Afro,11
Swing:,11
"Commercial,",11
Sextronic,11
Strings,11
Country/Blues,11
Kizomba,11
Lullabye,11
UNDER,11
Kompa,11
Spinning,11
Atlanta,11
Vuokko,11
Laptop-Folk,11
Nova,11
"Country::Cajun,",11
Jazz:Lounge,11
Marcing,11
"Glitch,",11
Nightshifters,11
"nuevo.flamenco,",11
Children's::Folk,12
"Indonesian,",12
Jug,12
Special,12
20th,12
Blues:,12
"Industrial,",12
Cha,12
Disco/Nu,12
Trance;,12
Cd,12
Baile,12
Bossa,12
Rock/,12
This,12
Www.YugoStar.Org,12
Theme,12
deutsches,12
Aggrotech,12
Renaissance,12
RIO,12
1Country,12
.Jam..Acoustic..,12
xx,12
Charanga,12
Indonesia,12
Datos,12
"Latino,",12
HOME,12
BGG,12
Hill,12
2005,12
Armenian,13
Doomjazz,13
Cajun/Zydeco,13
Polska,13
Guinea,13
Lingala,13
jap,13
Group,13
Atmospheric,13
Flamenco-Rock,13
Blues/Boogie/Groove/Funk,13
crust,13
[Electronica],13
Minimalism,13
House/Electro-House/Tech-House,14
PunkNotProfit,14
Zydeco-D,14
Funky,14
Latin/Tango,14
Zoth,14
Norwegian,14
Tzigane,14
Lo-fi/Lounge,14
SABU,14
Gesprochene,14
Stones,14
Enigmatico,14
Lounge/Vocal,14
Mystic,14
Trance-Fusion,14
"Classical,",14
OPM\\Love,15
magyarock,15
Punk-Skacore,15
Boleros,15
Synth,15
Neo-Lounge,15
Compas,15
Garage-Pop,15
Classica,16
Local,16
No-Wave,16
Ohio,16
Fusion,16
Epic/Viking/Folk,16
Rawk,16
Yugoslavia,16
Psychobilly,16
Manguebeat,16
(Ninguno),16
Lullaby,16
The,16
Indo,16
Noël,16
Middle,17
Espagnol,17
PunkRawk,17
Tech,17
Psych-Pop,17
Pakistani,17
World/Folk,17
Acoustic,17
Arabesque,17
Alternate,17
Hellenic,17
*Need,17
Luxnivy,17
wLove,18
Pop/Italo,18
Cha/Mambo,18
Worldbeat,18
Elecronic,18
Detroit,18
Brasil/Bossa_Samba,18
Meditative,18
Hymn,18
"Breakbeat,",18
Afro-pop,18
Bulgarian,18
60-70,18
Cowboy/Western,18
Avante-Garde,19
Movida,19
Prog,19
Electronica/Ambient,19
Carrilera,19
Brazil/Progressive/Traditional,19
Yoga,19
129)Hardcore,19
NLhiphop,19
Reggae-Rock,19
suomidance,20
Hindi,20
Ghettotech,20
z_Dance/Trance/Techno/House,20
Ballad/Oldies,20
"House,",20
Philipino,20
Techno/Electro,21
Future,21
Disco;,21
Reggae;,21
Suomirokkia,21
Laptronica,22
Serbian,22
Raggae,22
Ragga,22
Konpa,22
"Krautrock,",22
Australien,22
KK,23
Kaizerrock,23
Cow,23
Goregrind,23
Free,24
Chiptune,24
Soul/R&B::Classic,24
Daytrotter,24
Chile,24
Surf,24
Mexicanas,24
Kabarett,24
CUMBIA,25
Rap/Dirty,25
Abstract,25
Íåèçâåñòíî,25
indie/Pennsylvania,25
Salsa,26
Core,26
Rub-a-Dub,26
Hippie,26
CHICANA,26
Electro/Pop,27
Gabber,27
KPop,27
Celtica,28
Review,28
Son,28
Power,28
"Holiday,",28
(Nessuno),28
R&B-Jump/Swing,29
SON,29
Indian,29
"Cajun,",29
alex,29
Choral,29
Semba,30
EPIC,30
french,30
euro,30
Ambient/Avant,31
1Folk,31
Alt,31
(Pending),31
Sports,31
Exotica,31
Laptop,31
Tropicalismo,32
Cumbia,33
World-danceable,33
Italiano-Pop,33
GAITAS,34
Latim,34
"Techno,",34
Domaca,35
Qawwali,35
GermanSchlager,35
Jugole,35
Turkce,35
Latinas,35
Minimal/Electro,36
Svenska,36
Hollands,36
Xmas,36
Suomi-iskelmä,36
Art,36
Nicolas,36
???k,36
Latin:,36
1930s,36
Skiffle,36
Skandinavisk,37
Shoe-Gazer,37
DarkPsy,37
guaracha,37
Tribal,37
Manchester,38
Skihut,38
Ragtime,38
Género,38
"Spanish,",39
italian,39
Metálico,39
Rave,39
Cold,39
Electronica/Soundtrack,39
T,39
Esp,39
Dance/Trance/Techno,39
J-Rap,39
Outros,40
Komedie,40
Suomirock,40
Finsk,40
Zumba,40
Classical:,41
BSO,41
Caribbean,41
Carribean,41
Sacra-Español,41
Charts,41
Outras,41
S,41
Morna,42
Copla/Canc.Española,42
House/Tech,42
Jazz-Swing-Latin-Roots-World,43
Remixes,43
Bakersfield,43
Discography,44
Suomirap,44
Revival,44
Variétés,44
CM,44
Jazz/Funk/Trip,44
Svenskt,44
Waltz,44
LIFTING,44
Cola,45
Latina/Trop,45
"German,",45
folk/dutch,45
Adult,45
Military,45
Downtempo,45
World-Folk,46
Revival/Revival,46
Latina/Lat,46
Brasil:,46
Country/Blues/R&B,46
Joyitas,46
Japan,46
Punk/Rock/Folk,46
Rhythm,46
210,46
1950's,47
Pop::Pop,47
Emotronic,47
Samples,47
Deutsches,47
Spanish/Rock,47
World/Soundtrack,48
"Pop,Flamenco,",48
Polish,48
45_071,48
Sertanejo,48
d,48
Alternatieve,48
Mediterránea,48
Drone,48
Disco/Italo,49
1940's,49
Kinderlieder,50
Garrapatero,50
Folk-Rock,50
131)Indie,50
Indie/Pop/Rock,50
BRock,50
Blues/Zydeco,50
Dance/Chill,51
Ratpack,51
DutchSinger,51
'70s,51
American,51
PUNK-Punk,51
Cristiana,51
Immune,52
Elektropunk,52
Love,52
StuBru,52
Anthems,52
(,52
60s,52
Post-Modern,52
Rock/Other,52
Audiophile,52
Ballermann,52
NAVIDENO,52
Psy/Twilight,52
uruguayan,53
ITA,53
"Progressive-House,Breaks,Progressive-Trance",53
Stillness,53
HipHop,53
Nederlandstallig,53
Nostalgia,54
Andet,54
Ska/Hardcore/Punk,54
Outsider,54
r,54
PUNK,54
Romantik,54
vlomsch,54
Pop/Soul/Jazz,55
Psych,55
Rock/Blues/Pop,55
Straight,55
Eurovision,55
Electronic\\Industrial,55
Francais,56
Library,56
Comedy/New,56
thrushcall,56
Twist,56
Swede,56
Folk/Acoustic,56
Neo-Classical,57
Post-Hardcore,57
Teen,57
un,58
Mittelalter,58
Last.fm:,58
"Goregrind,",58
Independent,58
Port,58
OPM/Alternative,59
Méditerranéenne,59
Persian,59
Otro,59
Française,59
Beats/Old,60
Relax,60
Psy/Morning,60
Surf/Beat,60
Schlager/Klassiker,60
4STR,60
P1,60
Performance,60
Brit,60
Rumba-Pop,60
Virgilio,60
Oldies/Rock,60
Party-Musik,60
Eurodisco,61
Beats/Groove,61
#Mp3s4u,61
Folk/Bluegrass/Blues/Country-ish,61
069*BPM,61
1960's/doo,61
Autres,61
Brazillian,62
Chansons,62
JAZZ:,62
R&B/Female/Vocal/Progressive,62
Tejana,62
TMBG,62
EDeutsch,62
"Electronic,Funk",62
a*,63
Children/Soundtrack,63
Latin/Verdad,63
Levensleid,63
New4,63
"Folk-Rock,",63
ipecac,63
Brésil,63
Ska/Rock,63
"Alternative,",63
Mix,63
Malaysian,63
Grooves:Sampled,64
Pinoy,64
nova,64
Christmas-Country,64
R&B/France,64
Baladas-Boleros,64
Sound,64
70's,64
Afro-Cuban,64
Weihnachtsmusik,64
Gothic/Gothic,65
Shoegazer,65
Minimalist,65
"Reggae,",65
Glitch,66
Brasil,66
Annat,66
Pop/Spanish,66
Pop/Latin,66
Clasico,67
PoLisH,67
Popcorn,67
Piosenka,67
"Thrash,DeathMetal/BlackMetal",67
Avant,67
Alternative/,67
Yves,67
Funk/Pop/Rock/Soul,67
Grandes,67
Petra,68
DD,68
metal,68
Technical/Brutal,68
Sweden,68
Deutscher,69
http://unique-sm.com/en.php,69
Industrial;,69
ElecDustrial,69
Sludge/Doom,69
90s/rock,69
124,70
JAZZ,70
Speech,70
Mike's,70
Bandas,70
Lasten,70
Québec,70
Wedding/Dance,71
Studio,71
Best,71
Funk/Punk,71
Jazz:Ragtime,71
"Hip-Hop,",71
Màààster,71
Jazz/Latin,71
120*BPM,71
Doom/Gothic,71
World:Nederpop,72
Third-wave,72
Dance-Rock,72
Boogierock,72
Speed,72
Hardcore/Metal/Emo,72
Rumbas,73
Oriental,73
Bebop,73
H.P.F.,73
CHART,74
Kategorien,74
Avant-Prog,74
Post-Punk/Hardcore,75
Slow,75
Teresa,75
Austropop,75
Urban-Dance,75
Stage,75
Hymns,76
Вокал,76
Jazz/Big,76
web,76
Electronica/Drum,76
Folktronica,77
ROCK,77
Powerpop/Punk,77
Rock/Indie/Electro,77
Soundtracks/Show,77
Jazz-Blues,78
Neoclassical/Power,78
Ladino,78
Regional,78
Funk;,78
SA,78
Canzone,79
Nuevo,79
Norway,79
Turk,79
Screemo,80
Doo-Wap,80
Arch,80
Cowboy,80
Punk;,80
Secular,81
Vkontakte,81
10/07/07,81
Reggae/Dance,81
Rock/Pop/Grunge/Hard,81
Guitar,82
ugri,82
bailable,82
PopCorn,82
Uncategorized,82
En,82
Alternatief,82
Breakbeat,82
Break,82
Shibuya-kei,83
Domaci,83
Smooth,83
Pop/Chart/70's,83
Reggae/Dub/Ska/Dancehall,83
Bitpop,83
Unterhaltungsmusik,83
HOT,83
Pimba,84
Euro,84
Balada,84
Heist,84
Party,84
C2S,84
Taper,85
Hard-jungle,85
Turkish,85
Recopilatorio,85
Folk/Melodic,85
PLANK,85
xxx,85
Voices:,85
sid,86
Rock/Easy,86
Talking,86
Boy,86
"HardRock,AlternativePop/Rock,PunkRevival,Post-Grunge,Punk-Pop",86
Vario,86
Viking/Black/Folk,86
Jump,86
2007,87
"Acoustic,",87
Crooners,87
popular,87
Ska/Punk,87
Filles,87
Wedding,87
"Electronica,",87
Mp3,88
Pop/Chart,88
Electronica/Chill,88
Christmas/Pop,88
Pop-Psych,88
2sort,88
Ranchera/Latina,89
Electronica;,89
Pop/France,89
Singles,90
Alt-Indie,90
Dutch,90
Cindys,90
kbd,91
Irländskt,91
wAlbums,91
a-,91
Okänt,91
Rock/Pop;,91
Lulaby,91
Glam,91
Gothic/Melodic,91
Garage-60's,91
World::Flamenco/Gypsy,91
Chill/Lounge/Ambient,92
Industrial/EBM,92
Folk-tronica,92
"Jazz,",92
Demo,92
empty,93
Funk/Soul/R&B/Blues,93
Caraïbéenne/Antillaise,93
MIB,93
Swiss,93
09/29/07,93
Techno/Acid,93
FOLK:,93
Psy/Forest,94
Electrónica,94
World-Peru,94
Ultimix,94
Big,94
Electronic;,94
House/Rock,94
Too,94
Die,94
Mole,95
Czech,95
Jazz:,96
HASH(0x8ed7a38),96
Starbucks,96
Dance:Compilation,96
Seasonal,97
Psy,97
1960s,97
Dansband,97
Movie,97
Europe,97
Swing,97
Diverse,97
Classiques,97
Female,98
Indie/Pop,98
"Soul,",98
070*BPM,98
M3tal,98
"Pop/Rock,",99
Uskonnollinen,99
Patriotic,99
Catholic,99
Soukous,99
Sudamericana,99
WLatin,99
Rock/Alternative/Indie/Goth/Punk/Metal,100
Pop/Grime,100
Lounge;,100
Rocksteady,100
Phish,101
7-Oldies-doo-wop,101
Hardcore/Post,101
Instrumental/Organ,101
Powerpunk,101
Ragga/Reggae/Hip,101
BBS,101
RPM,101
Improg,102
Angry,102
Perfect,102
R&B/Neo-Soul,102
Domaće,102
Goth/Industrial/Dark,103
1950's/easy,103
Primus,103
X-R&B/Soul/Dance,103
Country/Rock/Pop,104
z_French,104
Dancehall,104
Riot,104
Internacional,104
Mbaqanga,104
West,104
Club/Remix,104
07/01/07,105
P,105
Ethnic/Ancient,106
grind,106
canadian,106
Go-Go,106
Techno/Dj,107
Fr,107
Cançó,107
Metal:,108
"Downtempo,",108
Dance-R&B,108
Goth,108
AOR,108
Space,109
Garage/Instro,109
ProgHouse,109
Klezmer,109
Navidad,109
Shoegazing,109
"R&B,",109
SoulRandBFunk,109
J,109
Austria,109
䉬慣欠䵥瑡,110
Booty,110
Ïîï,110
Croatian,111
Musica,111
Sadcore,111
Western,112
US,112
Elektro,112
Ambient/Dream,113
INTERNATIONAL(POPS),113
R'N'B,113
CHR,114
R&B/Disco,115
Oldie,115
"Dance,",115
Math,116
Broken,117
Industrial/ElectroDiscoMetal/Experimental,117
Easy/Slow,117
easy,117
Archive,117
Itunes,118
Trios,118
ロック,118
Folk/Filk/Urban,118
Idol,119
M-E,119
3STR,120
Gospel/Inspirational,120
Algemeen,120
50s,120
20's,120
Rock::AOR,120
Alternative/Electronic,121
Electro/Hip-Hop,121
I-ALBUM,121
Dancehall/Ragga,121
Juke,122
Weihnachten,122
brazilian,122
Instrumentals,122
Garage-00's,123
Inclasificable,123
"Christian,",124
POP/EASY,124
Ranchero,125
Rai,125
Mexico,125
Balkan,125
Ragga-Dance,125
Praise,125
MPB/Brazilian,125
Www.anarchopunk.net,126
variado,126
Acustico,126
Pop/Motown,128
Duranguense,128
Male,128
Québécois/pop,128
Italiana,129
Hands,129
Blues/Alternative,130
Pop-Jazz,130
Psychedelia,130
ÎèÇú¡¾Dance,130
Italo,131
"Blues,",131
Bayerisch,131
Metal,131
elephant,131
Fitness,131
歌特搖滾,131
"Punk,",131
No,132
Elliott,132
Dance/Electro/House,132
Funeral,133
Disco,134
Gótico,134
Martial,134
cool,135
Trash,135
Britpop,135
MCA,136
Suomipop,136
Français,136
Eastern,136
Española,136
Corridos,136
World/French,137
Screwed,137
bachatas,137
Nu,138
Flamenqueo,138
Conscious,138
italian_house,138
Electro/dance/hip,138
Baladas,139
Pub,139
"Beats,",140
HARD,140
Norsk,140
Varios,140
Folk/Comedy,141
Tributes,141
Breakz,141
Garage/Blues,141
Popular,141
Rockabilly,142
Bassline,142
Dreamy,143
ragga/hip,144
nul,145
Jewish,145
AlternaFag,145
Gaita,145
ElectroGothic,146
"Pop.,",146
Snowboarding,146
Rock/rap/pop,147
Cult,147
Neo-Prog,147
"Rnb,",147
Source,148
Paisa,149
Weltmusik,149
Algerian,149
Kleinkunst,150
Zeuhl,150
Hardcore-,150
Yu,150
Italiani,151
"Electronic,",152
JJJ,152
Protesta,152
Québécois,153
Nonstop,153
Latin/Hip,154
dance,154
Imports,154
Ye,154
Podcast,155
Undefined,155
Metal_black,155
109,156
Rock/Hard,156
"Funk-Rock,",156
It,156
Folk;,157
melodic,158
Mash,159
Metalcore-,160
Merengue,160
9.00.00.2991,160
Aktuell,160
Lilith,160
1950's/Doo,161
Regueton,161
Oldskool,161
Scandinavian,162
Motswako,163
Électronique,163
lithuanian,164
Nederhop,164
UK,165
Bachatarengue,166
HASH(0x8f89af0),167
Nederlandstalige,168
AM,168
Opera,168
WCS,169
Holiday,170
Urban,170
RapSmoothie,170
Forró,170
Down,170
Banda,171
Synthpop~New,171
Noise,173
"hip.hop,",174
Alt/Rock,175
Freak,175
"Rap,",175
Death´n´Roll,176
Asian,177
Psy;,178
<Nicht,178
CD,179
Humppa,180
Ska/Reggae/Punk,180
Iberian,180
90's,181
Modern,181
HipHopInstrmntlz,182
[-psycho+logical-],182
Death'n'Roll,182
CH-Rock,183
Cumbias,184
POP,185
soul/smooth-soul,185
Otros,185
Nouvelle,188
Screamo/Hip,191
Ita,192
National,192
Alabanza,193
Alternative-Indie,193
African,196
Chans.,196
masshyperbole.blogspot.com,197
Softer,197
ÁíÀàÒ¡’ö¡≤Alternative¡¿,197
Crabwalk,197
Electro-Medieval,197
Cyber,198
British,198
Splatter,198
80's,199
Portugal,199
RnB/Swing,201
International,202
Rock/Breaks,202
Electro/Dubstep,202
Vintage,203
Divers,203
Soft,204
Piano,205
SaoCore,207
Full,207
Pop/Blues,207
pop,208
Francophone,208
Traditional,208
ChristianMusic,208
Pop/Rap,209
Country;,209
washout,213
Rap/Southern,214
Éclectique,215
Americana,215
Doom/Death,215
Afrikaans,216
Latin/Vallenato,216
Axé-Music,216
Ethnic,217
Chirstmas,217
High,217
Hardcore/Screamo,218
Screw,219
<A>,220
Z-Ro,221
Prog-Eclectic,223
Délire,223
Country/Gospel,223
Artist,224
Bal,224
CashMoneyRap,225
iskelmä,228
Retro,228
Europop;,228
Electro-Rock/Synth-Pop,229
Mexicana,229
Folk/Roots/Country,230
Others,230
Congo,231
Salsa/Merengue,231
Neoclassical,232
Expermintal,234
Pop:,234
Twee,235
German;,237
String,238
Soul;,239
AND,239
Original,239
Viking/Folk,240
Rock/Pop,242
Flamenco/Gypsy,243
Neoclassic,243
Ska,245
Emo,245
Definitive,246
Neo-Psychedelic,250
"Emocore,",250
Romantico,251
Remix,251
Labrador,252
UKHH,253
Live,253
"Prog,",255
Apocalyptic,256
RYM,257
Rap/Deep,257
Cuba,257
Napoletana,257
MC/Dance,258
Jazz;,259
Folk-Pol,261
Franco,262
Women's,263
Post-grunge/,263
Psychadelic,264
Cocktail,265
Parody,265
Napoli,266
Suburban,268
Nature,269
Sconosciuto,269
Memphis,270
Timba,270
Portuguese,272
UnCrap,274
Street,277
Alternativo,279
Minimal,280
Oldies,282
Tex-Mex,284
Nacionalrock,284
Fetenhits,285
Romanian,285
Ingles,286
Infantil,286
Experimental,289
Grupera,290
Terror,291
Cuban,291
Electro-Industrial,292
Grupero,292
European,292
Synthpop/Electronic,294
Genre,297
Gothic/Industrial,298
Deutsche,298
Horrorcore,299
Ska-Third,302
NDW,304
I,306
Scores,308
Cantautore,308
Girl,309
Soccer,312
"Folk,",316
Depressive,317
Rocky,319
Merseybeat,320
Rock:,320
NWOBHM,321
Francesa,324
Foreign,325
Cajun,327
Paisley,327
Cantautores,330
Pop/Reggae,331
Rock/Latin,332
Nacionalpop,333
Pagode,334
Pop/Pop,335
J-Alternative,335
Visa,342
English,344
Folk/Viking,345
Hardpunk,349
Proto,349
D-BEAT,351
Pop/Punk,353
Pop;chanson,353
jazz;,353
Autre,354
Psychedelic,355
Anni,357
Doom,358
Zydeco,358
DJ,359
Spain,359
Pop/Rock/Other,359
80s,363
Deep,365
Power/Speed,366
Rumba,367
East,367
"Indierock,",369
Barbershop,374
Wave,375
Garage,376
"TN,",377
Poetry,382
Mod,385
Rock/Pop/Folk,388
Post-hardcore,395
DSBP,396
Chanson,397
Bubblegum,398
"Pop,",400
(EDM),400
Nederlandse,400
Alternative/Indie,403
R6,407
Indie;,407
Texas,410
Show,414
Mariachi,416
Soul,417
iTunes,418
50's,425
Futurepop,428
Juggalo,430
Raíces,431
Rap-Louisiana,439
Anarchopunk,447
Pop/Chanson,448
"World,",448
Español,448
Scène,449
Church,449
HopCore,453
Metal:Black,458
Argentina,462
Northern,463
Orchestra,464
Suomi,465
CH,466
Jangle,473
"Experimental,",475
F-Hip-Hop,476
Vocal,478
Neue,482
"Broadway,",483
Country/Bluegrass,489
Golden,492
Post/Hardcore,498
Karaoke,499
Greek,501
Drunk,501
Variété,506
Electro/drum,506
Crunk,508
Underground,510
Pop/Rock,518
More,519
Latin/Argentine/Punk/Alternative/Rock,526
Pop/Español,527
vlaamse,527
Nueva,527
Romántica,530
espanolada,530
NuYu,532
Pagan,536
Groove,537
RnB,541
Bhangra,547
Irish,547
Ska/Raggae,548
Canadian,548
Latina/Trova,553
R&P,556
Rock;,557
Svensk,559
Viejas,561
Rap/Reggae,562
Bass,564
Dance/HINRG,564
Medieval,565
RocK/Pop,567
Blues,569
Mexican,571
Post,579
Synthpunk,582
Italiano,584
Indus,588
Heavy/Power,609
WOMEN,610
Altro,614
Prog-Neo,615
Death/Grind,617
Minimal/Noise,619
Metal:Thrash,632
Latina,644
Sympho,644
Radio,656
Political,659
hip-hop,660
Rock'n,661
South,679
German,687
Swedish,689
Nederpop,693
Electro,695
Cantautori,718
Hip-Hop/Jazz,721
Electronica,722
Ethereal,738
Folk/Pagan,748
Early,764
Brutal,777
Classic,782
Inconnu,785
Contemporary,790
Folk/Doom/Gothic/EBM,792
Pop;,803
Bay,806
Death/Melodic,820
Deathcore/Grindcore,824
Data,826
Música,842
CCM,848
Symphoinc,851
Nintendocore,855
Nerdcore,860
Thrash/Death,872
Crossover,880
Sludge,895
Visual,896
Stoner,901
Ðîêàá³ë³,906
Musique,913
Industrial,913
Thrash,914
Horror,931
Axe,940
MT,944
Rap/West,957
Satire,962
"Vocal,",971
dark,980
Indie,984
Rock/Grunge,999
Calypso,1003
Celtic,1007
Punk,1008
Nashville,1023
Cantautor,1061
Christian/Metalcore,1064
Crust,1073
Brazilian,1082
Gypsy,1106
Schlager,1133
Deathrock,1140
Sub-noize,1183
Death/Thrash,1191
"Rock,",1232
A,1238
Italian,1274
Heavy,1284
Southern,1291
Post-metal,1294
Honky-Tonk,1333
Epic,1340
Pop-Punk/Hardcore,1354
Chicano,1377
Funk,1397
OPM,1399
Soca,1427
Acapella,1433
Metal:Doom,1453
Gothic/Horror/Punk,1481
Punk/HC/Industrial,1482
Mathcore,1484
Blackened,1538
Spanish,1560
Hit,1581
Hip-Pop,1627
Progressive,1647
Streetpunk,1655
Italia,1658
Chill,1658
Acid,1669
Islamic,1761
Tango,1789
Speed/Thrash,1823
Hard,1921
Doo,1992
Symphonic,2078
Cabaret,2176
Gothic,2180
Italy,2210
Old,2219
Black,2231
Miscellaneous,2240
Metal:Grindcore,2253
Crust/D-beat/Grind/Powerviolence,2254
France,2266
Extreme,2349
Dark,2382
Folklore,2417
Nacional,2425
Alternative,2605
Deutsch,2613
zouk,2655
Digital,2721
Black/Death,2749
Liedermacher,2784
Lounge,2880
Portuguesa,3387
French,3402
Hip,3433
Christian,3568
Death,3579
Avant-Garde,3582
Technical,3617
Grime,3670
Comedy/Spoken,3944
Dubstep,3964
Instrumental,4107
Vallenato,4396
Neo,4683
Trova,4686
Samba,5000
Ambient,5131
Oi!,5269
Books,5345
Flamenco,6030
Viking,6113
Metal:Death,6444
Freestyle,6583
Lo-Fi,6914
General,7029
Finnish,7898
Unclassifiable,8801
Drum,9213
Bachata,10512
Melodic,10989
Rap,12044
Techno,13144
MPB,14101
Children's,15749
Reggaeton,17535
House,21617
Classical,21748
New,23295
Trance,24166
gospel,35523
Comedy,46792
Easy,61488
Christmas,68194
Other,80868
World,93212
Dance,96755
Electronica/Dance,97692
Hardcore,113671
Soundtrack,162071
Gospel,252129
Jazz,253134
Reggae,294896
Folk,319692
Electronic,343355
Latin,363564
R&B,695684
Country,796052
Hip-Hop,1563195
Pop,1799279
Rock,8015883
